{
	"pages": [{
			"path": "pages/tabbar/home",
			"style": {
				"navigationStyle": "custom",
				"enablePullDownRefresh": false,
				"navigationBarTitleText": "首页"
			}
		},

		{
			"path": "pages/tabbar/notice",
			"style": {
				"enablePullDownRefresh": false,
				"navigationBarTitleText": "公告"
			}
		},

		{
			"path": "pages/tabbar/community",
			"style": {
				"enablePullDownRefresh": false,
				"navigationBarTitleText": "社区"
			}
		},
		{
			"path": "pages/tabbar/user",
			"style": {
				"enablePullDownRefresh": false,
				"navigationBarTitleText": "我的"
			}
		}, {
			"path": "pages/login/index",
			"style": {
				"navigationStyle": "custom",
				"navigationBarTitleText": "登录",
				"enablePullDownRefresh": false
			}

		}, {
			"path": "pages/login/register",
			"style": {
				"navigationStyle": "custom",
				"navigationBarTitleText": "注册",
				"enablePullDownRefresh": false
			}

		}, {
			"path": "pages/searchPage/searchPage",
			"style": {
				"navigationBarTitleText": "",
				"enablePullDownRefresh": false,
				"navigationStyle": "custom"
            }
            
        }
        ,{
            "path" : "pages/setting/setting",
            "style" :                                                                                    
            {
                "navigationBarTitleText": "更多设置",
                "enablePullDownRefresh": false
            }
            
        }, {
			"path": "pages/homesecond/gooddetails/gooddetails",
			"style": {
				"navigationBarTitleText": "",
				"navigationStyle": "custom",
				"enablePullDownRefresh": false
			}

		}
        ,{
            "path" : "pages/homesecond/island/island",
            "style" :                                                                                    
            {
                "navigationBarTitleText": "",
                "enablePullDownRefresh": false
            }
            
        }
        ,{
            "path" : "pages/homesecond/dm_space/dm_space",
            "style" :                                                                                    
            {
                "navigationBarTitleText": "",
                "enablePullDownRefresh": false
            }
            
        }
        ,{
            "path" : "pages/homesecond/brand/brand",
            "style" :                                                                                    
            {
                "navigationBarTitleText": "",
                "enablePullDownRefresh": false
            }
            
        }
        ,{
            "path" : "pages/homesecond/ip/ip",
            "style" :                                                                                    
            {
                "navigationBarTitleText": "",
                "enablePullDownRefresh": false
            }
            
        }
        ,{
            "path" : "pages/homesecond/treasure/treasure",
            "style" :                                                                                    
            {
                "navigationBarTitleText": "",
                "enablePullDownRefresh": false
            }
            
        }
    ],


	"globalStyle": {
		"backgroundColor": "#55aaff", //下拉显示出来的窗口的背景色
		"navigationBarBackgroundColor": "#ffffff",
		"navigationBarTextStyle": "black"
		// "navigationBarTitleText": "做好视"
	},
	"tabBar": {
		"borderStyle": "black",
		"backgroundColor": "#fff",
		"color": "#535353", // 文字颜色
		"selectedColor": "#000", //选中时候的文字颜色
		"list": [{
				"pagePath": "pages/tabbar/home",
				"iconPath": "static/tabbar/1-1.png",
				"selectedIconPath": "static/tabbar/1-2.png",
				"text": "首页"
			},
			{
				"pagePath": "pages/tabbar/notice",
				"iconPath": "static/tabbar/2-1.png",
				"selectedIconPath": "static/tabbar/2-2.png",
				"text": "公告"
			},
			{
				"pagePath": "pages/tabbar/community",
				"iconPath": "static/tabbar/3-1.png",
				"selectedIconPath": "static/tabbar/3-2.png",
				"text": "社区"
			},
			{
				"pagePath": "pages/tabbar/user",
				"iconPath": "static/tabbar/4-1.png",
				"selectedIconPath": "static/tabbar/4-2.png",
				"text": "我的"
			}
		]

	}
}
